lineOrig,No,Time,Y,X,SVL_mm,Color,Nuptial_Pads,gravid,Demography 
1,1,2109,4118573,364298,61.6,DY,Y,N,M
2,2,2109,4118577,364297,45.3,GY,N,Y,F
3,3,2109,4118569,364305,44,GY,N,Y,F
5,5,2119,4118555,364336,42,G,N,N,SNBA
6,6,2121,4118544,364338,38.3,GY,N,N,SNBA
7,7,2126,4118537,364358,53.7,Y,Y,N,M
8,8,2126,4118537,364358,48.6,GY,N,Y,F
9,9,2129,4118548,364366,44.8,GY,N,N,SNBA
10,10,2131,4118532,364373,49.6,GY,N,N,SNBA
11,11,2133,4118530,364375,49.2,GY,N,Y,F
12,12,2135,4118534,364367,40.3,G,N,N,SNBA
13,13,2136,4118532,364380,35.3,G,N,N,SNBA
14,14,2138,4118537,364391,51.9,Y,Y,N,M
15,15,2138,4118536,364391,37.9,G,N,N,SNBA
16,16,2141,4118521,364397,43.8,GY,N,N,SNBA
17,17,2141,4118526,364398,51.2,Y,Y,N,M
18,18,2148,4118517,364399,49.1,DY,Y,N,M
19,19,2153,4118517,364404,54.6,Y,Y,N,M
21,21,2159,4118496,364431,43.1,GY,N,N,SNBA
22,22,2200,4118498,364435,46.2,DY,N,N,SNBA
23,23,2203,4118491,364441,44.9,G,N,N,SNBA
24,24,2207,4118496,364467,49.6,GY,N,Y,F
25,25,2211,4118476,364467,47.8,GY,N,Y,F
26,26,2213,4118473,364479,39.1,GY,N,N,SNBA
27,27,2215,4118472,364486,46.9,DY,Y,N,M
28,28,2215,4118465,364494,54.8,DY,Y,N,M
29,29,2215,4118476,364490,42,GY,N,N,SNBA
30,30,2215,4118469,364477,34.4,G,N,N,SNBA
31,31,2215,4118462,364496,35.2,G,N,N,SNBA
32,32,2221,4118465,364499,53.8,DY,N,Y,F
33,33,2221,4118473,364511,60.2,DY,Y,N,M
34,34,2221,4118491,364505,41.7,GY,N,N,SNBA
35,35,2221,4118483,364510,51,DY,Y,N,M
36,36,2227,4118465,364485,42.4,G,N,N,SNBA
37,37,2229,4118470,364507,41.6,GY,N,N,SNBA
38,38,2230,4118460,364493,41.9,GY,N,N,SNBA
39,39,2231,4118464,364504,48.3,DY,N,N,SNBA
40,40,2233,4118466,364500,37.9,G,N,N,SNBA
41,41,2236,4118476,364507,59.5,DY,N,N,SNBA
42,42,2238,4118472,364509,38.3,G,N,N,SNBA
43,43,2240,4118464,364529,36.6,G,N,N,SNBA
44,44,2240,4118475,364534,36.4,G,N,N,SNBA
45,45,2242,4118456,364549,44.7,GY,Y,N,M
46,46,2247,4118470,364551,37.5,G,N,N,SNBA
48,48,2248,4118456,364541,40.7,G,N,N,SNBA
49,49,2250,4118470,364562,40.9,GY,N,N,SNBA
50,50,2254,4118468,364571,31.5,G,N,N,SNBA
52,52,2257,4118471,364603,34.1,G,N,N,SNBA
53,53,2257,4118477,364605,36.6,G,N,N,SNBA
54,54,2259,4118447,364595,54,DY,N,Y,F
55,55,2300,4118463,364600,46.4,DY,Y,N,M
56,56,2303,4118460,364618,38.4,G,N,N,SNBA
57,57,2305,4118454,364614,50.3,DY,Y,N,M
58,58,2306,4118460,364618,38,G,N,N,SNBA
59,59,2309,4118458,364626,43.1,G,N,N,SNBA
60,60,2311,4118451,364621,39.8,G,N,N,SNBA
61,61,2317,4118452,364618,42.7,G,N,N,SNBA
62,62,2320,4118466,364662,34.6,DY,N,N,SNBA
63,63,2322,4118475,364670,44.9,GY,N,Y,F
64,64,2325,4118466,364671,41.6,GY,N,N,SNBA
65,65,2327,4118471,364667,45.8,DY,Y,N,M
66,66,2329,4118455,364686,45.7,Y,Y,N,M
67,67,2330,4118448,364700,34.8,G,N,N,SNBA
68,68,2332,4118454,364706,37.8,G,N,N,SNBA
69,69,2332,4118452,364703,40.3,GY,N,N,SNBA
70,70,2339,4118459,364722,38.5,G,N,N,SNBA
71,71,2340,4118470,364733,38.8,G,N,N,SNBA
72,72,2340,4118474,364727,36.1,G,N,N,SNBA
73,73,2343,4118448,364709,38.1,G,N,N,SNBA
74,74,2343,4118448,364709,34.4,GY,N,N,SNBA
75,75,2349,4118450,364773,46.7,GY,N,N,SNBA
76,76,2349,4118451,364774,51.2,GY,N,Y,F
77,77,2349,4118455,364783,38.7,G,N,N,SNBA
78,78,2353,4118432,364773,54.5,DY,N,Y,F
80,80,2356,4118462,364797,35.7,G,N,N,SNBA
81,81,2359,4118455,364818,49.9,GY,N,N,SNBA
82,82,1,4118455,364825,39.5,G,N,N,SNBA
83,83,2,4118456,364837,39,G,N,N,SNBA
84,84,5,4118452,364851,51.2,DY,N,Y,F
85,85,5,4118451,364858,39.8,G,N,N,SNBA
88,88,10,4118447,364853,40.1,G,N,N,SNBA
91,91,37,4118460,365198,42.3,G,N,N,SNBA
92,1,2112,4118534,364280,40.2,GY,N,N,SNBA
93,2,2116,4118540,364296,47.4,DY,N,Y,F
94,3,2118,4118533,364310,56.6,DY,N,Y,F
95,4,2122,4118518,364337,37.4,GY,N,N,SNBA
96,5,2126,4118525,364335,45,GY,N,N,SNBA
97,6,2128,4118517,364339,37.2,G,N,N,SNBA
98,7,2132,4118520,364348,47.9,GY,N,Y,F
99,8,2136,4118511,364368,50.1,GY,N,Y,F
100,9,2136,4118515,364362,46.3,DY,N,Y,F
101,10,2140,4118506,364555,34.1,GY,N,N,SNBA
102,11,2142,4118502,364365,41,GY,N,N,SNBA
103,12,2144,4118492,364367,41.6,GY,N,N,SNBA
104,13,2144,4118494,364364,41.9,GY,N,N,SNBA
105,14,2147,4118500,364378,47.1,G,N,Y,F
106,15,2152,4118500,364399,47.4,GY,N,Y,F
107,16,2154,4118479,364408,39.7,DY,N,N,SNBA
108,17,2158,4118468,364418,40.8,GY,N,N,SNBA
109,18,2159,4118489,364418,41.3,GY,N,N,SNBA
110,19,2203,4118473,364433,40.8,GY,N,N,SNBA
111,20,2207,4118469,364452,35.2,G,N,N,SNBA
112,21,2211,4118461,364455,32.9,G,N,N,SNBA
113,22,2213,4118463,364444,38.8,GY,N,N,SNBA
114,23,2217,4118451,364442,37.4,G,N,N,SNBA
115,24,2224,4118446,364488,42.8,GY,N,N,SNBA
116,25,2226,4118448,364492,44.3,DY,Y,N,M
117,26,2229,4118454,364484,40.8,G,N,N,SNBA
118,27,2230,4118454,364484,34.3,G,N,N,SNBA
119,28,2231,4118454,364476,41.7,GY,N,N,SNBA
120,29,2233,4118453,364484,40.5,G,N,N,SNBA
121,30,2239,4118443,364507,41.2,GY,N,N,SNBA
122,31,2240,4118438,364501,36.8,GY,N,N,SNBA
123,32,2245,4118436,364534,46.2,G,N,N,SNBA
124,33,2248,4118412,364525,48.3,DY,Y,N,M
125,34,2250,4118429,364540,46.4,G,N,N,SNBA
126,35,2254,4119426,364549,39.4,G,N,Y,F
127,36,2255,4118423,364549,42.3,GY,N,N,SNBA
128,37,2301,4118420,364583,41.4,GY,N,N,SNBA
129,38,2301,4118413,364575,35.5,GY,N,N,SNBA
130,39,2307,4118419,364589,39.9,G,N,N,SNBA
131,40,2308,4118432,364597,38.3,GY,N,N,SNBA
132,41,2310,4118413,364586,46.8,DY,Y,N,M
133,42,2310,4118413,364586,41.5,GY,N,N,SNBA
134,43,2313,4118427,364603,47.2,Y,Y,N,M
135,44,2320,4118427,364647,39.3,G,N,N,SNBA
136,45,2321,4118416,364644,33.1,GY,N,N,SNBA
137,46,2327,4118431,364669,49.1,Y,Y,N,M
138,47,2331,4118440,364672,36.3,G,N,N,SNBA
139,48,2333,4118416,364680,48.8,DY,Y,N,M
140,49,2336,4118433,364711,36.8,GY,N,N,SNBA
141,50,2338,4118433,364709,43,GY,N,N,SNBA
142,51,2338,4118427,364712,36.6,GY,N,N,SNBA
143,52,2341,4118435,364713,44.9,DY,Y,N,M
144,53,2345,4118430,364709,31.5,G,N,N,SNBA
145,54,2347,4118427,364725,34.9,GY,N,N,SNBA
146,55,2349,4118420,364728,34.9,GY,N,N,SNBA
147,56,2351,4118423,364748,39.7,DY,N,N,SNBA
148,57,2353,4118421,364764,45.5,GY,N,Y,F
149,58,2356,4118424,364764,37.1,GY,N,N,SNBA
150,59,2356,4118415,364774,35.2,GY,N,N,SNBA
151,60,0,4118436,364778,37.2,G,N,N,SNBA
152,61,1,4118429,364780,40.3,GY,N,N,SNBA
153,62,2,4118435,364787,35,GY,N,N,SNBA
154,63,3,4118434,364791,39.1,GY,N,N,SNBA
155,64,3,4118428,364785,38.4,GY,N,N,SNBA
156,65,6,4118426,364801,33.9,G,N,N,SNBA
157,66,8,4118417,364805,40.4,GY,N,N,SNBA
158,67,11,4118428,364822,51.6,DY,Y,N,M
159,68,11,4118420,364826,31.7,G,N,N,SNBA
160,69,13,4118436,364838,36.5,GY,N,N,SNBA
161,70,15,4118433,364850,48.4,GY,N,Y,F
162,71,16,4118435,364862,39.1,G,N,N,SNBA
163,72,18,4118440,364867,45.8,GY,N,Y,F
164,73,18,4118438,364870,43.5,GY,N,N,SNBA
165,74,22,4118439,364913,33.5,DY,N,N,SNBA
166,75,24,4118438,364917,33.1,GY,N,N,SNBA
167,76,25,4118441,364923,47.7,GY,N,N,SNBA
168,77,36,4118422,365199,48.7,GY,N,Y,F
169,78,42,4118439,365305,44.2,DY,Y,N,M
170,1,2227,4118981,367294,52.3,Y,N,Y,F
171,2,2250,4119094,367423,40.4,Y,N,N,SNBA
172,3,2256,4119126,367439,42.1,GY,N,N,SNBA
173,4,2313,4119232,367529,50.5,GY,N,Y,F
174,1,2225,4118952,367290,44.2,Y,Y,N,M
175,2,2226,4118962,367299,51,Y,Y,N,M
176,3,2226,4118958,367308,48.2,Y,Y,N,M
177,4,2233,4118967,367322,47.2,GY,N,N,SNBA
178,5,2235,4118961,367333,45.2,G,N,N,SNBA
179,6,2240,4118978,367362,38,G,N,N,SNBA
180,7,2240,4118983,367368,39,G,N,N,SNBA
181,8,2246,4118984,367365,45,DY,N,N,SNBA
182,9,2246,4119013,367390,61.8,Y,N,Y,F
183,10,2249,4119023,367387,49.9,DY,N,Y,F
184,11,2255,4119053,367427,36.2,DY,N,N,SNBA
185,12,2258,4119086,367451,61.9,Y,N,Y,F
186,13,2305,4119170,367509,59,Y,Y,N,M
187,14,2321,4119357,367637,44,GY,N,N,SNBA
188,1,2124,4120489,365701,40.1,GY,N,N,SNBA
189,2,2124,4120496,365692,31.7,G,N,N,SNBA
190,3,2124,4120481,365680,35.1,GY,N,N,SNBA
191,4,2127,4120515,365677,58.3,DY,N,Y,F
192,5,2133,4120483,365679,34.5,GY,N,N,SNBA
193,6,2134,4120473,365694,39.5,G,N,N,SNBA
194,7,2134,4120473,365694,36.1,G,N,N,SNBA
195,8,2134,4120473,365692,33.4,G,N,N,SNBA
196,9,2135,4120473,365692,31.5,G,N,N,SNBA
197,10,2139,4120473,365702,24.5,G,N,N,SNBA
198,11,2140,4120462,365709,47.5,Y,Y,N,M
199,12,2141,4120485,365696,31.1,G,N,N,SNBA
200,13,2141,4120481,365695,47.6,GY,N,Y,F
201,14,2142,4120470,365705,45.5,Y,Y,N,M
202,15,2144,4120457,365720,34.7,G,N,N,SNBA
203,16,2145,4120466,365710,53.4,Y,Y,N,M
204,17,2145,4120464,365710,34.3,G,N,N,SNBA
205,18,2149,4120447,365711,39,GY,N,N,SNBA
206,19,2149,4120440,365727,31.8,G,N,N,SNBA
207,20,2151,4120431,365735,37.6,G,N,N,SNBA
208,21,2151,4120426,365748,49.6,Y,Y,N,M
209,22,2152,4120407,365748,50.9,Y,Y,N,M
210,23,2152,4120409,365750,33.7,GY,N,N,SNBA
211,24,2155,4120403,365757,38.2,GY,N,N,SNBA
212,25,2157,4120421,365742,36.2,GY,N,N,SNBA
213,26,2158,4120411,365749,36.9,G,N,N,SNBA
214,27,2158,4120406,365746,38.5,GY,N,N,SNBA
215,28,2200,4120420,365746,50.6,Y,Y,N,M
216,29,2201,4120424,365750,34.8,G,N,N,SNBA
217,30,2202,4120404,365758,38.2,GY,N,N,SNBA
218,31,2210,4120301,365790,57.7,Y,Y,N,M
219,32,2210,4120291,365790,39.9,GY,N,N,SNBA
220,33,2213,4120311,365784,35.3,GY,N,N,SNBA
221,34,2214,4120308,365780,47.1,DY,N,Y,F
222,35,2216,4120295,365782,50.2,Y,Y,N,M
223,36,2218,4120296,365775,55.8,GY,N,Y,F
224,37,2220,4120287,365781,44.7,GY,N,N,SNBA
225,38,2224,4120225,365767,54.1,Y,Y,N,M
226,39,2225,4120207,365761,41.4,GY,N,N,SNBA
227,40,2225,4120218,365757,43.7,G,N,N,SNBA
228,41,2228,4120197,365760,36.7,GY,N,N,SNBA
229,42,2229,4120176,365752,34.6,G,N,N,SNBA
230,43,2229,4120186,365742,35.2,G,N,N,SNBA
231,44,2229,4120180,365768,41.2,GY,N,Y,F
232,45,2233,4120195,365741,36,GY,N,N,SNBA
233,46,2234,4120186,365742,42,GY,N,Y,F
234,47,2236,4120214,365777,36.7,GY,N,N,SNBA
235,48,2238,4120178,365741,36.9,G,N,N,SNBA
236,49,2239,4120168,365749,34.4,GY,N,N,SNBA
237,50,2241,4120160,365741,32.3,G,N,N,SNBA
238,51,2247,4120095,365730,31.8,GY,N,N,SNBA
239,52,2250,4120074,365740,33.5,G,N,N,SNBA
240,53,2250,4120074,365740,36,G,N,N,SNBA
241,54,2251,4120070,365745,33.3,GY,N,N,SNBA
242,55,2252,4120052,365741,38.5,GY,N,N,SNBA
243,56,2254,4120044,365747,32.3,G,N,N,SNBA
244,57,2255,4120039,365733,32.4,G,N,N,SNBA
245,58,2301,4119951,365697,32.3,G,N,N,SNBA
246,59,2315,4119831,365553,37.5,GY,N,N,SNBA
247,60,2319,4119820,365517,37,GY,N,N,SNBA
248,61,2322,4119817,365496,50.6,Y,Y,N,M
249,62,2324,4119824,365478,36.2,GY,N,N,SNBA
250,63,2324,4119822,365482,36.5,GY,N,N,SNBA
251,64,2324,4119823,365476,34.8,G,N,N,SNBA
252,65,2326,4119823,365466,40.1,G,N,N,SNBA
253,66,2326,4119823,365466,40.6,GY,N,N,SNBA
254,67,2326,4119826,365458,35.5,G,N,N,SNBA
255,68,2326,4119828,365455,47.6,Y,Y,N,M
256,69,2337,4119895,365246,36.7,G,N,N,SNBA
257,70,2338,4119908,365244,37.4,G,N,N,SNBA
258,71,2342,4120059,365098,40.5,G,N,N,SNBA
259,72,2342,4120059,365098,50.7,GY,N,Y,F
260,73,2345,4120088,365080,38.3,G,N,N,SNBA
261,74,2347,4120120,365094,36,G,N,N,SNBA
262,75,2349,4120090,365098,46.8,GY,N,Y,F
263,76,2349,4120109,365091,36.5,GY,N,N,SNBA
264,77,2350,4120084,365125,38.5,G,N,N,SNBA
265,78,2354,4120104,365131,40.2,G,N,N,SNBA
266,79,2355,4120085,365128,39.9,G,N,N,SNBA
267,80,2356,4120081,365143,44.3,GY,N,N,SNBA
268,81,2358,4120066,365147,39.9,GY,N,N,SNBA
269,82,2359,4120055,365150,42.1,GY,N,N,SNBA
270,83,2359,4120055,365150,36.3,GY,N,N,SNBA
271,84,2,4120071,365153,37.6,G,N,N,SNBA
272,85,3,4120044,365154,43.7,G,N,N,SNBA
273,86,4,4120024,365171,43.5,GY,N,N,SNBA
274,87,14,4120159,364915,41.8,G,N,N,SNBA
275,88,15,4120194,364930,38.2,G,N,N,SNBA
276,89,17,4120160,364919,37.9,GY,N,N,SNBA
277,90,20,4120178,364962,43.1,GY,N,N,SNBA
278,91,20,4120164,364967,51.4,Y,Y,N,M
279,92,25,4120168,364984,39.3,G,N,N,SNBA
280,93,26,4120163,365004,35.7,G,N,N,SNBA
281,94,29,4120166,365008,50.4,Y,Y,N,M
282,1,2124,4120508,365698,39.8,GY,N,N,SNBA
283,2,2126,4120490,365719,45,Y,Y,N,M
284,3,2126,4120497,365725,34.2,G,N,N,SNBA
285,4,2133,4120489,365719,35.2,G,N,N,SNBA
286,5,2136,4120492,365732,35,GY,N,N,SNBA
287,6,2137,4120493,365736,40.3,GY,N,N,SNBA
288,7,2138,4120494,365737,34.8,G,N,N,SNBA
289,8,2142,4120485,365730,39.5,GY,N,N,SNBA
290,9,2144,4120478,365730,47.2,DY,N,Y,F
291,10,2145,4120471,365745,31.1,G,N,N,SNBA
292,11,2147,4120470,365738,34.2,G,N,N,SNBA
293,12,2147,4120475,365740,32.8,GY,N,N,SNBA
294,13,2147,4120472,365749,43.8,GY,N,Y,F
295,14,2151,4120468,365739,31,GY,N,N,SNBA
296,15,2153,4120469,365733,31.2,G,N,N,SNBA
297,16,2155,4120455,365747,52.3,DY,N,Y,F
298,17,2159,4120444,365765,32.7,GY,N,N,SNBA
299,18,2202,4120429,365771,46.2,GY,Y,N,M
300,19,2206,4120418,365791,37.5,GY,N,N,SNBA
301,20,2210,4120357,365820,46,DY,N,Y,F
302,21,2211,4120349,365816,32.4,GY,N,N,SNBA
303,22,2211,4120348,365822,45.5,Y,Y,N,M
304,23,2211,4120344,365828,41.5,DY,Y,N,M
305,24,2220,4120254,365811,34.9,GY,N,N,SNBA
306,25,2222,4120254,365806,30.9,G,N,N,SNBA
307,26,2222,4120244,365799,43.4,GY,N,N,SNBA
308,27,2225,4120242,365812,37.6,GY,N,N,SNBA
309,28,2227,4120238,365796,36.2,GY,N,N,SNBA
310,29,2229,4120230,365793,48.2,Y,Y,N,M
311,30,2229,4120230,365793,36.5,GY,N,N,SNBA
312,31,2230,4120221,365787,34.6,GY,N,N,SNBA
313,32,2230,4120221,365787,39.3,GY,N,N,SNBA
314,33,2230,4120236,365784,31.4,GY,N,N,SNBA
315,34,2234,4120216,365792,30.2,GY,N,N,SNBA
316,35,2234,4120216,365792,39,DY,Y,N,M
317,36,2234,4120209,365781,35.7,G,N,N,SNBA
318,37,2239,4120210,365799,32.6,G,N,N,SNBA
319,38,2240,4120210,365791,50.7,Y,Y,N,M
320,39,2241,4120208,365786,33.7,GY,N,N,SNBA
321,40,2241,4120208,365786,47.8,Y,Y,N,M
322,41,2243,4120204,365777,30.3,G,N,N,SNBA
323,42,2246,4120160,365784,39.2,GY,N,N,SNBA
324,43,2248,4120151,365780,34.4,GY,N,N,SNBA
325,44,2248,4120151,365780,31.3,G,N,N,SNBA
326,45,2249,4120148,365766,37.2,GY,N,N,SNBA
327,46,2250,4120146,365777,48.4,DY,N,Y,F
328,47,2251,4120142,365780,36.4,G,N,N,SNBA
329,48,2252,4120143,365764,45.2,Y,Y,N,M
330,49,2254,4120133,365773,44,GY,N,N,SNBA
331,50,2256,4120098,365774,36.8,GY,N,N,SNBA
332,51,2259,4120082,365759,40.6,GY,N,N,SNBA
333,52,2300,4120080,365755,37.9,G,N,N,SNBA
334,53,2302,4120069,365765,38,GY,N,N,SNBA
335,54,2308,4119919,365700,31.8,G,N,N,SNBA
336,55,2308,4119922,365707,32.7,GY,N,N,SNBA
337,56,2315,4119863,365578,37,GY,N,N,SNBA
338,57,2318,4119866,365529,39.4,GY,N,N,SNBA
339,58,2320,4119861,365516,38.3,DY,N,N,SNBA
340,59,2323,4119850,365482,35.6,G,N,N,SNBA
341,60,2323,4119853,365478,39.4,GY,N,N,SNBA
342,61,2337,4119933,365262,38.1,GY,N,N,SNBA
343,62,2339,4119929,365256,38,G,N,N,SNBA
344,63,2339,4119925,365248,34,GY,N,N,SNBA
345,64,2342,4119920,365258,38.9,GY,N,N,SNBA
346,65,2343,4119932,365248,35.6,GY,N,N,SNBA
347,66,2345,4119922,365237,51.1,Y,Y,N,M
348,67,2346,4119939,365230,41.2,GY,N,N,SNBA
349,68,2350,4119970,365209,43.3,G,N,N,SNBA
350,69,2354,4120011,365189,41.9,Y,N,N,SNBA
351,70,2355,4120013,365207,,GY,N,N,SNBA
352,71,2357,4119991,365180,,GY,N,Y,F
353,72,2358,4119997,365174,,DY,N,Y,F
354,73,0,4120021,365164,,Y,Y,N,M
355,74,3,4120048,365158,,G,N,N,SNBA
356,75,9,4120117,365083,,G,N,N,SNBA
357,76,11,4120133,365081,,GY,N,N,SNBA
358,77,12,4120121,365073,,GY,N,Y,F
359,78,12,4120133,365072,,DY,N,N,SNBA
360,79,13,4120135,365073,,DY,N,N,SNBA
361,80,15,4120138,365072,,GY,N,N,SNBA
362,81,18,4120160,365062,,DY,N,N,SNBA
363,82,18,4120162,365061,,Y,Y,N,M
364,83,22,4120128,365042,,GY,N,N,SNBA
365,84,24,4120153,365042,,Y,Y,N,M
366,85,25,4120149,365029,,G,N,N,SNBA
367,86,27,4120147,365028,,GY,N,N,SNBA
368,1,2227,4120825,363726,20.6,GY,N,N,SNBA
369,2,2135,4120525,363805,58.3,Y,Y,N,M
370,3,2139,4120480,363839,53.4,Y,Y,N,M
371,4,2141,4120474,363846,52.7,Y,Y,N,M
372,5,2144,4120463,363839,50.1,GY,N,Y,F
373,6,2148,4120467,363836,54.5,GY,N,Y,F
374,7,2149,4120463,363835,48.2,DY,N,Y,F
375,8,2155,4120403,363848,47.5,DY,N,Y,F
376,9,2157,4120417,363876,45.9,Y,Y,N,M
377,10,2200,4120452,363868,59.5,DY,N,Y,F
378,11,2201,4120437,363867,46.8,Y,Y,N,M
379,12,2204,4120437,363867,54.8,Y,Y,N,M
380,13,2206,4120457,363863,56.5,DY,N,Y,F
381,14,2214,4120596,363804,48.1,Y,Y,N,M
382,15,2233,4120840,363753,50.9,DY,N,N,SNBA
383,16,2251,4120358,363869,49.4,Y,Y,N,M
384,17,2251,4120358,363865,50.2,Y,Y,N,M
385,18,2256,4120372,363842,46.9,DY,Y,N,M
386,19,2259,4120339,363854,49.4,Y,Y,N,M
387,20,2304,4120299,363856,52.6,Y,Y,N,M
388,21,2308,4120271,363864,41.4,GY,N,N,SNBA
389,22,2314,4120204,363871,57.6,Y,N,Y,F
390,23,2320,4120268,363908,52.4,Y,Y,N,M
391,24,2322,4120286,363910,50.6,Y,Y,N,M
392,25,2324,4120289,363903,44.8,Y,Y,N,M
393,26,2326,4120304,363890,40.6,GY,N,N,SNBA
394,27,2328,4120340,363890,45.6,GY,N,Y,F
395,28,2331,4120374,363871,45.8,Y,Y,N,M
396,29,2331,4120376,363870,52.8,Y,Y,N,M
397,30,2336,4120415,363872,46.6,Y,Y,N,M
398,1,2107,4119990,364091,42.7,GY,N,N,SNBA
399,2,2111,4119967,364097,42.5,GY,N,N,SNBA
400,3,2113,4119958,364101,39.4,G,N,N,SNBA
401,4,2115,4119947,364099,44.2,DY,N,Y,F
402,5,2115,4119947,364099,42,DY,Y,N,M
403,6,2119,4119952,364116,52.3,Y,Y,N,M
404,7,2122,4119960,364119,51.8,Y,Y,N,M
405,8,2124,4119957,364133,60.8,DY,N,Y,F
406,9,2125,4119938,364142,38,GY,N,N,SNBA
407,10,2125,4119934,364122,35.9,G,N,N,SNBA
408,11,2125,4119924,364152,39.5,G,N,N,SNBA
409,12,2130,4119930,364133,36.6,G,N,N,SNBA
410,13,2133,4119923,364154,43.4,G,N,Y,F
411,14,2133,4119907,364153,47.1,Y,Y,N,M
412,15,2136,4119913,364153,37.9,GY,N,N,SNBA
413,16,2137,4119907,364185,35.4,G,N,N,SNBA
414,17,2140,4119896,364180,45.4,G,N,N,SNBA
415,18,2142,4119877,364211,56.2,Y,Y,N,M
416,19,2144,4119887,364203,42.1,G,N,N,SNBA
417,20,2146,4119870,364204,44.9,GY,N,Y,F
418,21,2148,4119876,364210,46.1,GY,N,N,SNBA
419,22,2149,4119870,364217,52.3,DY,N,Y,F
420,23,2151,4119871,364233,37.8,G,N,N,SNBA
421,24,2152,4119893,364240,43.7,GY,N,N,SNBA
422,25,2155,4119847,364274,42,Y,Y,N,M
423,26,2203,4119779,364395,46.2,Y,N,N,SNBA
424,27,2203,4119779,364395,39.9,G,N,N,SNBA
425,28,2207,4119790,364430,40.5,GY,N,N,SNBA
426,29,2208,4119772,364398,49.7,G,N,Y,F
427,30,2210,4119772,364408,35,G,N,N,SNBA
428,31,2210,4119772,364408,34.3,G,N,N,SNBA
429,32,2214,4119750,364436,52,Y,Y,N,M
430,33,2218,4119790,364430,42.1,GY,N,N,SNBA
431,34,2225,4119777,364471,41.4,G,N,Y,F
432,35,2229,4119771,364484,48.4,DY,N,Y,F
433,36,2232,4119753,364464,48.9,Y,Y,N,M
434,37,2239,4119767,364464,42.9,GY,N,N,SNBA
435,38,2240,4119760,364505,44.4,GY,N,N,SNBA
436,39,2242,4119752,364486,43.8,GY,N,N,SNBA
437,40,2245,4119760,364504,43.7,GY,N,Y,F
438,41,2246,4119753,364520,43.2,GY,Y,N,M
439,42,2248,4119737,364510,40.5,DY,N,N,SNBA
440,43,2250,4119770,364516,38.3,GY,N,N,SNBA
441,44,2253,4119766,364518,48.4,DY,N,N,SNBA
442,45,2256,4119766,364503,43.8,G,N,N,SNBA
443,46,2257,4119757,364527,47.6,GY,N,Y,F
444,47,2300,4119749,364538,46.1,GY,N,N,SNBA
445,48,2303,4119739,364552,54.6,Y,Y,N,M
446,49,2303,4119739,364552,38.7,GY,N,N,SNBA
447,50,2304,4119755,364547,46.7,GY,N,Y,F
448,51,2306,4119754,364553,49.1,GY,N,Y,F
449,52,2309,4119751,364558,51,Y,Y,N,M
450,53,2309,4119745,364562,43.7,GY,N,N,SNBA
451,54,2313,4119738,364574,50.2,Y,Y,N,M
452,55,2315,4119756,364548,53.9,Y,Y,N,M
453,56,2316,4119740,364547,43.8,DY,N,N,SNBA
454,57,2318,4119740,364562,43.8,DY,N,Y,F
455,58,2319,4119747,364564,47.9,Y,Y,N,M
456,59,2321,4119748,364577,50.1,Y,Y,N,M
457,60,2322,4119750,364567,47.6,Y,Y,N,M
458,61,2322,4119745,364574,44.4,GY,N,N,SNBA
459,62,2324,4119744,364567,38.7,GY,N,N,SNBA
460,63,2328,4119742,364559,44,GY,N,Y,F
461,64,2330,4119733,364579,51.6,Y,Y,N,M
462,65,2333,4119720,364858,49.5,Y,Y,N,M
463,66,2334,4119725,364606,33.2,G,N,N,SNBA
464,67,2335,4119714,364605,35.3,G,N,N,SNBA
465,68,2335,4119729,364612,39.7,GY,N,N,SNBA
466,69,2338,4119743,364600,37.7,G,N,N,SNBA
467,70,2340,4119706,364628,37.3,GY,N,N,SNBA
468,71,2340,4119720,364618,49.9,GY,N,Y,F
469,72,2357,4120172,364913,46.2,DY,N,N,SNBA
470,73,2357,4120158,364913,49.8,DY,Y,N,M
471,74,2358,4120169,364905,48.2,GY,Y,N,M
472,75,2,4120162,364899,42,GY,N,N,SNBA
473,76,2,4120162,364879,41.8,GY,N,N,SNBA
474,77,4,4120150,364881,59.5,Y,Y,N,M
475,78,7,4120176,364870,41,GY,N,N,SNBA
476,79,11,4120160,364848,45.8,GY,N,Y,F
477,80,15,4120174,364817,42.1,GY,N,N,SNBA
478,81,18,4120157,364809,36,GY,N,N,SNBA
479,82,20,4120174,364807,59,DY,N,Y,F
480,83,26,4120114,364786,54.8,GY,N,N,SNBA
481,84,28,4120105,364772,41.5,G,N,N,SNBA
482,85,31,4120122,364779,50,Y,Y,N,M
483,86,36,4120081,364728,41,DY,N,N,SNBA
484,87,37,4120086,364765,50,DY,Y,N,M
485,88,40,4120071,364769,38.5,G,N,N,SNBA
486,89,42,4120075,364747,36.8,G,N,N,SNBA
487,90,44,4120062,364734,36,DY,N,N,SNBA
488,91,46,4120069,364727,53.2,Y,Y,N,M
489,92,48,4120053,364725,37.3,G,N,N,SNBA
490,93,53,4120018,364679,33,G,N,N,SNBA
491,94,109,4119688,364739,45.5,G,N,Y,F
492,95,111,4119690,364694,38.9,G,N,N,SNBA
493,96,113,4119706,364679,37.5,G,N,N,SNBA
494,97,113,4119696,364666,45.5,GY,N,N,SNBA
495,98,115,4119712,364662,42.4,G,N,N,SNBA
496,99,114,4119691,364757,46.3,G,N,N,SNBA
497,100,127,4119547,364755,39.9,G,N,N,SNBA
498,101,127,4119541,364761,39.9,GY,N,N,SNBA
499,102,129,4119557,364749,47,GY,N,Y,F
500,1,2110,4119995,364105,47.6,Y,Y,N,M
501,2,2114,4119997,364120,39.6,GY,N,N,SNBA
502,3,2115,4119992,364127,36.9,GY,N,N,SNBA
503,4,2115,4119992,364127,40.2,GY,N,N,SNBA
504,5,2120,4119982,364154,45,GY,N,N,SNBA
505,6,2122,4119973,365154,43.1,DY,N,Y,F
506,7,2123,4119966,364152,39.6,DY,N,N,SNBA
507,8,2125,4119971,364169,46.6,Y,Y,N,M
508,9,2130,4119951,364195,45.6,Y,N,N,SNBA
509,10,2138,4119935,364206,49.4,DY,N,Y,F
510,11,2146,4119924,364238,38,GY,N,N,SNBA
511,12,2149,4119919,364237,40.4,GY,N,N,SNBA
512,13,2151,4119910,364247,49.3,GY,N,Y,F
513,14,2156,4119915,364265,37,GY,N,N,SNBA
514,15,2158,4119900,364272,41.9,GY,N,N,SNBA
515,16,2203,4119866,364295,39.5,GY,N,N,SNBA
516,17,2205,4119852,364341,43.4,GY,N,N,SNBA
517,18,2210,4119845,364365,41.6,GY,N,N,SNBA
518,19,2211,4119848,364372,45.3,Y,Y,N,M
519,20,2214,4119816,364406,38.8,GY,N,N,SNBA
520,21,2215,4119819,364403,41,GY,N,N,SNBA
521,22,2217,4119830,364419,46.7,Y,Y,N,M
522,23,2219,4119845,364397,38.5,GY,N,N,SNBA
523,24,2221,4119847,364404,35.1,GY,N,N,SNBA
524,25,2222,4119850,364412,44.2,GY,N,N,SNBA
525,26,2226,4119870,364419,40.5,GY,N,N,SNBA
526,27,2229,4119861,364432,56,Y,Y,N,M
527,28,2231,4119858,364435,43.4,Y,Y,N,M
528,29,2233,4119866,364424,44.8,GY,N,N,SNBA
529,30,2303,4119951,364467,40.5,GY,N,N,SNBA
530,31,2308,4119975,364442,37.2,GY,N,N,SNBA
531,32,2312,4119992,364475,39.6,GY,N,N,SNBA
532,33,2316,4119973,364497,53.4,DY,N,Y,F
533,34,2321,4120000,364498,37.1,DY,N,N,SNBA
534,35,2325,4119994,364506,35.7,G,N,N,SNBA
535,36,2325,4119995,364518,38.4,DY,N,N,SNBA
536,37,2326,4119998,364521,39.2,GY,N,N,SNBA
537,38,2328,4119988,364531,34.1,G,N,N,SNBA
538,39,2328,4119991,364530,34.6,GY,N,N,SNBA
539,40,2334,4120003,364545,39.3,GY,N,N,SNBA
540,41,2336,4119994,364548,40,GY,N,N,SNBA
541,42,2337,4119995,364555,31.7,G,N,N,SNBA
542,43,2339,4120001,364550,36.5,GY,N,N,SNBA
543,44,2340,4120008,364546,38.3,DY,N,N,SNBA
544,45,2342,4120001,364564,39.9,DY,N,N,SNBA
545,46,2349,4120006,364557,33.8,GY,N,N,SNBA
546,47,2352,4120003,364557,38.4,GY,N,N,SNBA
547,48,2355,4120002,364573,46.5,Y,Y,N,M
548,49,2356,4120002,364574,38.5,GY,N,N,SNBA
549,50,2,4120001,364583,41.8,GY,N,N,SNBA
550,51,3,4120007,364588,46.5,Y,Y,N,M
551,52,6,4120010,364594,43.7,DY,N,N,SNBA
552,53,10,4119991,364607,51.8,DY,N,Y,F
553,54,12,4120020,364598,36.2,GY,N,N,SNBA
554,55,14,4120000,364608,41.2,GY,N,N,SNBA
555,56,18,4120007,364630,51.1,Y,Y,N,M
556,57,20,4120004,364628,43.6,Y,Y,N,M
557,58,21,4120012,364631,38.8,GY,N,N,SNBA
558,59,24,4120006,364638,48.6,Y,Y,N,M
559,60,26,4119993,364635,42.9,Y,Y,N,M
560,61,35,4120015,364656,37.8,G,N,N,SNBA
561,62,37,4120014,364662,38.1,GY,N,N,SNBA
562,63,38,4120022,364662,43.5,GY,N,N,SNBA
563,64,39,4120003,364655,42.1,GY,N,N,SNBA
564,65,41,4120030,364660,38,GY,N,N,SNBA
565,66,42,4120024,364650,37.6,GY,N,N,SNBA
566,67,47,4120028,364674,33.3,GY,N,N,SNBA
567,68,49,4120032,364669,37.6,G,N,N,SNBA
568,69,50,4120041,364675,36.3,GY,N,N,SNBA
569,70,53,4120034,364667,37.3,GY,N,N,SNBA
570,71,54,4120023,364673,39.3,GY,N,N,SNBA
571,72,55,4120030,364669,36.6,G,N,N,SNBA
572,73,56,4120031,364668,33.6,GY,N,N,SNBA
573,74,110,4119720,364652,49.1,DY,Y,N,M
574,75,111,4119708,364648,43.7,DY,N,N,SNBA
575,76,116,4119723,364669,38.1,GY,N,N,SNBA
576,77,117,4119720,364668,41.4,GY,N,N,SNBA
577,78,118,4119722,364655,38.9,GY,N,N,SNBA
578,79,121,4119720,364662,41.8,DY,N,N,SNBA
579,1,2122,4118916,366457,50.8,DY,N,Y,F
580,2,2125,4118862,366418,49,DY,N,Y,F
581,3,2157,4118725,366485,50.5,GY,N,Y,F
582,4,2203,4118567,366459,46.5,Y,Y,N,M
583,5,2205,4118568,366457,48.1,Y,Y,N,M
584,6,2209,4118511,366426,54.2,Y,Y,N,M
585,7,2209,4118512,366427,56.1,DY,Y,N,M
586,8,2212,4118471,366402,45.1,GY,N,N,SNBA
587,9,2220,4118421,366058,52.5,Y,Y,N,M
588,10,2223,4118425,366026,47.5,Y,Y,N,M
589,11,2225,4118433,365987,55.5,DY,N,Y,F
590,12,2229,4118446,365962,53.2,Y,Y,N,M
591,13,2240,4118447,365892,47.6,Y,Y,N,M
592,14,2242,4118425,365873,55.5,Y,Y,N,M
593,15,2242,4118419,365873,56.5,Y,Y,N,M
594,16,2244,4118430,365858,53.2,DY,N,Y,F
595,17,2244,4118423,365853,59.8,DY,Y,N,M
596,18,2245,4118407,365851,60.2,Y,Y,N,M
597,19,2245,4118406,365851,49.1,GY,N,Y,F
598,20,2247,4118426,365851,54.2,Y,Y,N,M
599,21,2249,4118424,365851,50.4,DY,N,N,SNBA
600,22,2250,4118422,365824,53.4,Y,Y,N,M
601,23,2252,4118414,365846,54.6,DY,N,Y,F
602,24,2254,4118406,365827,52.8,G,N,Y,F
603,25,2257,4118407,365814,52.2,Y,N,Y,F
604,26,2257,4118395,365828,53.1,DY,N,Y,F
605,27,2302,4118423,365794,44.6,GY,N,Y,F
606,28,2302,4118434,365782,55.6,Y,Y,N,M
607,29,2322,4118435,365286,55.5,DY,N,Y,F
608,30,2324,4118456,365294,53.4,DY,N,N,SNBA
609,31,2327,4118444,365321,46.4,G,N,N,SNBA
610,32,2330,4118442,365306,54.4,Y,N,Y,F
611,33,2331,4118430,365323,51,G,N,Y,F
612,34,2333,4118437,365324,54.4,Y,Y,N,M
613,35,2338,4118424,365386,38.1,G,N,N,SNBA
614,36,2338,4118424,365386,39.8,G,N,N,SNBA
615,37,2340,4118428,365375,43.6,DY,N,N,SNBA
616,38,2344,4118390,365424,47.5,GY,N,N,SNBA
617,39,2347,4118404,365432,43.9,G,N,N,SNBA
618,40,2348,4118404,365457,50.7,GY,N,Y,F
619,41,2350,4118406,365461,49.1,GY,N,Y,F
620,42,2352,4118400,365466,39.6,DY,N,N,SNBA
621,43,2356,4118422,365479,43.5,G,N,N,SNBA
622,44,2356,4118408,365502,51.2,DY,N,Y,F
623,45,2,4118397,365513,52.8,DY,N,Y,F
624,46,5,4118426,365547,56.6,Y,Y,N,M
625,47,7,4118450,365570,60.9,GY,N,Y,F
626,48,18,4118436,365626,35.5,G,N,N,SNBA
627,49,18,4118443,365637,50.6,DY,N,Y,F
628,50,21,4118450,365539,49.7,GY,N,N,SNBA
629,51,23,4118434,365626,46.5,GY,N,Y,F
630,52,25,4118440,365657,45.2,GY,N,Y,F
631,53,27,4118436,365671,46.9,GY,N,Y,F
632,54,28,4118432,365691,44.7,GY,N,N,SNBA
633,55,29,4118426,365701,38.1,G,N,N,SNBA
634,56,32,4118416,365750,53.8,DY,N,Y,F
635,57,35,4118413,365738,49.9,DY,N,Y,F
636,58,36,4118399,365747,54,GY,N,Y,F
637,59,38,4118418,365766,60.8,Y,Y,N,M
638,60,38,4118404,365757,50.3,Y,Y,N,M
639,61,41,4118379,365759,50.7,DY,N,Y,F
640,62,43,4118408,365762,48.5,Y,Y,N,M
641,63,53,4118395,365831,46.6,DY,N,Y,F
642,64,56,4118379,365796,50.3,Y,Y,N,M
643,65,100,4118387,365833,53.7,Y,Y,N,M
644,66,100,4118402,365868,47.9,DY,N,Y,F
645,67,102,4118390,365844,54,Y,N,Y,F
646,68,104,4118397,365863,51.2,Y,Y,N,M
647,69,105,4118410,365883,57.7,DY,N,Y,F
648,70,105,4118404,365881,50.5,Y,Y,N,M
649,71,106,4118379,365869,49.4,DY,N,Y,F
650,72,106,4118379,365869,50.4,Y,Y,N,M
651,73,106,4118379,365869,59.6,Y,Y,N,M
652,74,108,4118379,365875,49.5,Y,Y,N,M
653,75,115,4118404,365984,48.8,Y,Y,N,M
654,76,115,4118402,365982,50.7,Y,N,Y,F
655,1,2129,4119017,366451,53.6,Y,N,Y,F
656,2,2132,4119011,366466,52.5,Y,Y,N,M
657,3,2136,4119008,366446,48.1,DY,N,Y,F
658,4,2207,4118586,366481,36.9,GY,N,N,SNBA
659,5,2209,4118582,366478,43.7,DY,N,N,SNBA
660,6,2213,4118557,366483,43.7,DY,N,Y,F
661,7,2215,4118535,366465,36.8,GY,N,N,SNBA
662,8,2218,4118502,366470,43.1,GY,N,N,SNBA
663,9,2222,4118479,366450,39.9,GY,N,N,SNBA
664,10,2222,4118469,366455,46.9,GY,N,Y,F
665,11,2224,4118483,366450,53.2,DY,N,Y,F
666,12,2225,4118484,366438,46.7,Y,Y,N,M
667,13,2226,4118480,366435,46.6,Y,Y,N,M
668,14,2228,4118478,366430,47.2,Y,Y,N,M
669,15,2228,4118474,366439,38.5,G,N,N,SNBA
670,16,2229,4118471,366440,53.1,DY,N,Y,F
671,17,2231,4118474,366436,41.8,DY,N,Y,F
672,18,2231,4118473,366437,44.2,DY,N,Y,F
673,19,2232,4118475,366438,52.9,DY,N,Y,F
674,20,2234,4118485,366438,39.7,G,N,N,SNBA
675,21,2235,4118476,366431,44.8,DY,N,N,SNBA
676,22,2236,4118470,366433,50.4,DY,N,Y,F
677,23,2236,4118464,366428,42.2,G,N,Y,F
678,24,2238,4118446,366445,54.8,Y,Y,N,M
679,25,2241,4118444,366437,47.1,DY,N,Y,F
680,26,2249,4118440,366396,45,DY,N,Y,F
681,27,2249,4118435,366398,52.6,Y,Y,N,M
682,28,2250,4118437,366391,48.2,Y,Y,N,M
683,29,2255,4118427,366382,51.3,Y,Y,N,M
684,30,2257,4118431,366371,44,GY,N,N,SNBA
685,31,2258,4118424,366368,43.4,DY,Y,N,M
686,32,2300,4118414,366363,45,Y,Y,N,M
687,33,2301,4118412,366365,44.3,DY,N,Y,F
688,34,2303,4118411,366378,46.7,DY,N,Y,F
689,35,2307,4118426,366347,47.8,Y,Y,N,M
690,36,2309,4118409,366368,34.7,GY,N,N,SNBA
691,37,2310,4118408,366358,45.1,DY,N,Y,F
692,38,2311,4118414,366357,37.9,G,N,N,SNBA
693,39,2313,4118416,366349,51.9,Y,Y,N,M
694,40,2315,4118409,366360,38.1,G,N,N,SNBA
695,41,2316,4118417,366362,47.5,DY,Y,N,M
696,42,2317,4118401,366350,40.3,GY,N,N,SNBA
697,43,2319,4118403,366354,43.5,DY,N,Y,F
698,44,2321,4118417,366346,46.5,DY,N,Y,F
699,45,2323,4118391,366348,45.1,Y,Y,N,M
700,46,2326,4118392,366339,42,G,N,N,SNBA
701,47,2327,4118384,366333,50.1,Y,Y,N,M
702,48,2329,4118395,366331,50.8,Y,Y,N,M
703,49,2330,4118391,366329,39.6,DY,N,N,SNBA
704,50,2330,4118402,366324,51.5,Y,N,Y,F
705,51,2331,4118400,366320,46.1,DY,N,Y,F
706,52,2332,4118404,366332,43.7,DY,N,Y,F
707,53,2334,4118398,366335,40.4,DY,N,N,SNBA
708,54,2335,4118391,366327,45.3,DY,N,Y,F
709,55,2337,4118380,366328,60.8,DY,N,Y,F
710,56,2340,4118389,366328,49.8,Y,Y,N,M
711,57,2343,4118381,366323,47.9,Y,Y,N,M
712,58,2345,4118404,366311,48.1,Y,Y,N,M
713,59,2346,4118404,366318,44.7,GY,N,Y,F
714,60,2348,4118382,366310,50.1,DY,N,Y,F
715,61,2348,4118380,366310,42.8,DY,N,Y,F
716,62,2349,4118369,366312,45.6,DY,N,Y,F
717,63,2349,4118375,366311,35,GY,N,N,SNBA
718,64,2356,4118390,366300,50,Y,Y,N,M
719,65,2357,4118374,366291,46.8,GY,N,Y,F
720,66,2359,4118368,366301,48.5,Y,Y,N,M
721,67,2,4118371,366300,43.9,DY,N,Y,F
722,68,5,4118380,366279,48,Y,Y,N,M
723,69,5,4118387,366283,50.1,Y,Y,N,M
724,70,8,4118385,366297,39.3,G,N,N,SNBA
725,71,9,4118388,366280,50.2,DY,N,Y,F
726,72,12,4118372,366261,52.7,Y,Y,N,M
727,73,13,4118382,366255,42,DY,N,N,SNBA
728,74,15,4118378,366249,48.5,DY,N,Y,F
729,75,16,4118359,366250,47.4,Y,Y,N,M
730,76,21,4118371,366236,49.9,DY,N,Y,F
731,77,21,4118369,366232,46.2,DY,N,Y,F
732,78,22,4118375,366229,51.6,Y,Y,N,M
733,79,24,4118365,366229,41.1,GY,N,N,SNBA
734,80,25,4118362,366216,50.3,Y,Y,N,M
735,81,27,4118356,366223,43.1,Y,Y,N,M
736,82,36,4118358,366190,53.1,DY,N,Y,F
737,83,40,4118367,366164,53.3,DY,N,Y,F
738,84,45,4118363,366155,43.5,DY,N,Y,F
739,85,48,4118367,366138,52,Y,Y,N,M
740,86,52,4118364,366118,42.8,GY,N,Y,F
741,87,53,4118352,366120,42.1,DY,N,Y,F
742,88,58,4118368,366109,47.9,Y,Y,N,M
743,89,100,4118368,366095,44.5,Y,Y,N,M
744,90,107,4118406,366053,47.6,Y,Y,N,M
745,91,108,4118410,366050,47.1,DY,N,Y,F
746,92,110,4118391,366031,45.7,Y,Y,N,M
747,93,113,4118386,366029,45.7,Y,Y,N,M
748,94,117,4118424,366009,54.2,Y,Y,N,M
749,95,119,4118419,365993,49.9,Y,Y,N,M
750,96,121,4118398,365995,44.8,Y,N,Y,F
751,1,2103,4119356,364692,49.3,DY,N,Y,F
752,2,2108,4119319,364657,45.2,GY,N,Y,F
753,3,2109,4119306,364642,45.5,GY,N,Y,F
754,4,2113,4119274,364610,39.8,GY,N,Y,F
755,5,2116,4119267,364566,45.1,DY,N,Y,F
756,6,2128,4119081,364503,39.9,GY,N,N,SNBA
757,7,2131,4119070,364491,51.2,DY,N,Y,F
758,8,2134,4119029,364494,45.2,Y,Y,N,M
759,9,2134,4119021,364501,31.5,DY,N,Y,F
760,10,2137,4119022,364484,42.9,DY,N,Y,F
761,11,2139,4119016,364472,46.7,DY,N,N,SNBA
762,12,2141,4119009,364460,37.1,G,N,Y,F
763,13,2143,4119988,364460,50.3,GY,N,Y,F
764,14,2146,4119981,364464,46.5,GY,N,Y,F
765,15,2146,4119987,364466,34.2,GY,N,N,SNBA
766,16,2151,4119003,364427,37.2,DY,N,N,SNBA
767,17,2157,4119071,364455,44,DY,N,Y,F
768,18,2158,4119072,364454,51.6,DY,N,Y,F
769,19,2159,4119071,364465,45.9,GY,N,Y,F
770,20,2200,4119084,364472,35.2,GY,N,N,SNBA
771,21,2200,4119089,364473,44.2,DY,N,Y,F
772,22,2202,4119085,364465,48.2,Y,Y,N,M
773,23,2202,4119092,364469,50.8,Y,Y,N,M
774,24,2204,4119091,364456,44,Y,Y,N,M
775,25,2206,4119104,364467,52.7,DY,N,Y,F
776,26,2211,4119137,364474,56.3,Y,Y,N,M
777,27,2211,4119139,364464,52.9,Y,Y,N,M
778,28,2213,4119145,364472,37.7,GY,N,N,SNBA
779,29,2216,4119143,364482,46.3,Y,Y,N,M
780,30,2235,4118605,364308,44.6,DY,N,Y,F
781,31,2238,4118616,364319,49.7,Y,Y,N,M
782,32,2241,4118623,364324,42.4,GY,N,N,SNBA
783,33,2243,4118646,364318,42,GY,N,N,SNBA
784,34,2244,4118638,364325,42.8,GY,N,Y,F
785,35,2247,4118658,364327,51.9,Y,N,Y,F
786,36,2251,4118709,364379,40.8,DY,N,N,SNBA
787,37,2253,4118722,364375,46.8,GY,N,Y,F
788,38,2254,4118716,364390,39,GY,N,N,SNBA
789,39,2255,4118718,364392,39.3,GY,N,N,SNBA
790,40,2256,4118718,364396,54.6,Y,Y,N,M
791,41,2256,4118725,364398,47.3,Y,Y,N,M
792,42,2258,4118747,364397,51.1,Y,Y,N,M
793,43,2300,4118754,364412,44.8,GY,N,Y,F
794,44,2303,4118761,364451,38,GY,N,Y,F
795,45,2304,4118766,364434,52.1,Y,Y,N,M
796,46,2304,4118769,364447,48.1,Y,Y,N,M
797,47,2309,4118786,364464,51.1,DY,N,Y,F
798,48,2310,4118789,364466,51.9,DY,N,Y,F
799,49,2313,4118799,364494,50.2,Y,N,N,SNBA
800,50,2315,4118807,364471,47.4,GY,N,Y,F
801,51,2316,4118807,364473,45.1,DY,N,Y,F
802,52,2319,4118837,364466,47.1,Y,Y,N,M
803,53,2320,4118823,364439,52,Y,Y,N,M
804,54,2321,4118823,364437,52.4,Y,Y,N,M
805,55,2326,4118865,364410,51.4,Y,Y,N,M
806,56,2335,4118986,364459,44.5,DY,Y,N,M
807,57,2356,4119990,364080,47.9,DY,N,Y,F
808,58,2356,4119987,364083,39.2,GY,N,N,SNBA
809,59,2358,4119997,364069,53.4,Y,Y,N,M
810,60,0,4120007,364066,52.1,Y,Y,N,M
811,61,1,4120010,364054,47.4,Y,Y,N,M
812,62,6,4120041,364015,35.3,GY,N,N,SNBA
813,63,8,4120048,364008,42.6,DY,Y,N,M
814,64,10,4120055,364011,40.2,GY,N,Y,F
815,65,11,4120071,364002,41.7,DY,N,Y,F
816,66,13,4120077,364001,50.6,GY,N,Y,F
817,67,14,4120087,363986,49.7,Y,Y,N,M
818,68,15,4120090,363984,45,GY,N,N,SNBA
819,69,17,4120090,363984,49.6,Y,Y,N,M
820,70,21,4120115,363946,36.3,GY,N,N,SNBA
821,71,23,4120143,363916,44.4,Y,Y,N,M
823,72,33,4120297,363869,48.5,DY,N,Y,F
824,73,36,4120322,363856,45.3,Y,Y,N,M
825,74,41,4120357,363859,50.3,Y,Y,N,M
826,75,41,4120354,363854,49,DY,N,Y,F
827,76,42,4120364,363848,49.3,Y,Y,N,M
828,77,43,4120366,363856,50.9,Y,Y,N,M
829,78,44,4120372,363859,49.9,Y,Y,N,M
830,79,45,4120387,363849,50.1,DY,N,Y,F
831,80,46,4120388,363840,53.1,Y,Y,N,M
832,81,47,4120393,363847,42,GY,N,N,SNBA
833,82,49,4120391,363836,44.3,Y,Y,N,M
834,83,49,4120392,363829,46.9,DY,N,Y,F
835,84,50,4120395,363831,54.5,Y,Y,N,M
836,85,52,4120412,363841,42.7,GY,N,Y,F
837,86,54,4120456,363842,54.7,Y,Y,N,M
838,87,55,4120452,363819,51.7,DY,N,Y,F
839,88,100,4120487,363836,49,Y,Y,N,M
840,1,2102,4119511,364748,52.2,DY,Y,N,M
841,2,2103,4119531,364729,41.8,GY,N,Y,F
842,3,2105,4119521,364738,43.3,DY,Y,N,M
843,4,2109,4119479,364722,53.9,Y,Y,N,M
844,5,2124,4119355,364618,52.3,Y,Y,N,M
845,6,2127,4119331,364622,52.1,Y,Y,N,M
846,7,2129,4119335,364602,48.8,GY,N,Y,F
847,8,2132,4119317,364607,44.9,GY,N,N,SNBA
848,9,2135,4119306,364587,46.3,DY,N,N,SNBA
849,10,2136,4119319,364605,51,DY,N,Y,F
850,11,2138,4119295,364597,52.8,Y,Y,N,M
851,12,2139,4119302,364601,49.4,Y,Y,N,M
852,13,2141,4119317,364614,41.5,DY,N,N,SNBA
853,14,2142,4119311,364601,45,DY,N,N,SNBA
854,15,2144,4119269,364598,52.8,Y,Y,N,M
855,16,2144,4119288,364586,50.4,GY,N,Y,F
856,17,2146,4119269,364578,47.9,DY,N,Y,F
857,18,2148,4119281,364574,48.7,GY,N,Y,F
858,19,2152,4119266,364582,43.1,DY,N,Y,F
859,20,2154,4119271,364582,52.4,Y,Y,N,M
860,21,2155,4119255,364575,48.5,Y,Y,N,M
861,22,2157,4119269,364589,56.2,Y,Y,N,M
862,23,2159,4119259,364572,47.9,Y,Y,N,M
863,24,2200,4119256,364569,49.6,DY,Y,N,M
864,25,2201,4119256,364570,45.3,Y,Y,N,M
865,26,2204,4119255,364569,45.2,Y,Y,N,M
866,27,2205,4119244,364561,48.5,DY,Y,N,M
867,28,2216,4119162,364495,47.5,Y,Y,N,M
868,29,2239,4118644,364281,45.9,Y,Y,N,M
869,30,2239,4118644,364281,40.1,GY,N,N,SNBA
870,31,2241,4118621,364286,36.7,GY,N,N,SNBA
871,32,2242,4118621,364286,42.3,GY,N,N,SNBA
872,33,2243,4118650,364292,39.1,GY,N,N,SNBA
873,34,2247,4118670,364290,44.1,GY,N,N,SNBA
874,35,2248,4118655,364308,48.2,DY,N,N,SNBA
875,36,2258,4118754,364404,63.8,Y,Y,N,M
876,37,2301,4118820,364430,50.9,DY,N,Y,F
877,38,2305,4118765,364412,51.7,DY,Y,N,M
878,39,2309,4118785,364432,56.5,Y,Y,N,M
879,40,2314,4118795,364404,51.6,Y,Y,N,M
880,41,2316,4118824,364416,47.4,Y,Y,N,M
881,42,2317,4118822,364416,48.3,GY,N,Y,F
882,43,2319,4118814,364398,54.3,GY,N,Y,F
883,44,2320,4118820,364386,59,Y,Y,N,M
884,45,2321,4118833,364390,54.7,Y,Y,N,M
885,46,2327,4118870,364389,53.5,Y,Y,N,M
886,47,2330,4118916,364395,56.4,Y,Y,N,M
887,48,2339,4118985,364454,49.3,Y,Y,N,M
889,49,2359,4120006,364101,39.9,DY,N,N,SNBA
890,50,1,4120014,364106,46.9,GY,N,Y,F
891,51,3,4120004,364095,49.5,Y,Y,N,M
892,52,5,4120032,364097,50.8,Y,N,Y,F
893,53,8,4120050,364066,44.3,Y,Y,N,M
894,54,10,4120058,364042,53.6,Y,Y,N,M
895,55,12,4120076,364048,38.7,G,N,N,SNBA
896,56,17,4120124,363971,48.2,DY,N,Y,F
897,57,19,4120124,363971,45.1,GY,N,Y,F
898,58,22,4120142,363987,51.6,Y,Y,N,M
899,59,24,4120158,363952,49.3,DY,N,Y,F
900,60,25,4120164,363960,42,GY,N,N,SNBA
901,61,28,4120186,363942,55.2,Y,Y,N,M
903,62,32,4120250,363917,56.6,DY,N,Y,F
904,63,33,4120256,363910,55.1,Y,Y,N,M
905,64,34,4120262,363898,57.5,Y,Y,N,M
906,65,36,4120269,363900,36,GY,N,N,SNBA
907,66,37,4120277,363908,41.9,DY,N,Y,F
908,67,38,4120272,363900,58.3,Y,Y,N,M
909,68,43,4120333,363890,47.7,Y,Y,N,M
910,69,45,4120355,363868,50,Y,Y,N,M
911,70,47,4120377,363867,52.7,Y,Y,N,M
912,71,49,4120402,363865,50.9,Y,Y,N,M
913,72,50,4120424,363874,55.2,Y,Y,N,M
914,73,52,4120419,363863,55.1,Y,Y,N,M
915,74,53,4120445,363879,56.1,Y,Y,N,M
916,75,56,4120457,363874,55.3,Y,Y,N,M
917,76,57,4120459,363868,45.6,Y,Y,N,M
918,1,2111,4119073,367081,48.6,DY,N,Y,F
919,2,2111,4119081,367080,42.8,GY,N,Y,F
920,3,2112,4119039,367078,66.2,DY,N,Y,F
921,4,2112,4119062,367084,46.2,DY,N,Y,F
922,5,2114,4119061,367094,52,Y,Y,N,M
923,6,2115,4119045,367131,52.1,DY,N,Y,F
924,7,2116,4119019,367142,58.9,DY,N,Y,F
925,8,2117,4119024,367139,48,DY,N,Y,F
926,9,2117,4119026,367135,57.4,Y,Y,N,M
927,10,2119,4119014,367192,52.8,Y,N,Y,F
928,11,2122,4119001,367264,38.9,G,N,N,SNBA
929,12,2123,4118956,367248,54.4,DY,N,Y,F
930,13,2124,4118979,367266,62.8,Y,N,Y,F
931,14,2125,4118976,367271,49.9,DY,N,Y,F
932,15,2125,4118956,367268,47.2,Y,Y,N,M
933,16,2125,4118957,367291,52.9,Y,Y,N,M
934,17,2125,4118950,367275,51.5,Y,N,Y,F
935,18,2126,4118988,367289,55,Y,Y,N,M
936,19,2128,4118985,367293,50.1,DY,N,Y,F
937,20,2128,4118985,367293,50.9,Y,Y,N,M
938,21,2128,4118985,367295,39.1,GY,N,N,SNBA
939,22,2129,4118948,367275,51.8,Y,Y,N,M
940,23,2130,4118944,367301,37.7,G,N,N,SNBA
941,24,2130,4118981,367291,48.2,Y,Y,N,M
942,25,2131,4118956,367302,50.7,DY,N,Y,F
943,26,2131,4119000,367296,50.5,Y,Y,N,M
944,27,2132,4118965,367200,52.1,Y,Y,N,M
945,28,2132,4118987,367290,55.6,Y,Y,N,M
946,29,2134,4118981,367288,47.7,Y,Y,N,M
947,30,2135,4118961,367354,51.3,Y,Y,N,M
948,31,2135,4118961,367354,37.1,G,N,N,SNBA
949,32,2136,4118992,367312,46.2,Y,Y,N,M
950,33,2136,4118956,367347,48.4,Y,Y,N,M
951,34,2137,4118988,367326,40.4,GY,N,N,SNBA
952,35,2137,4118975,367339,40,DY,N,N,SNBA
953,36,2137,4118975,367339,54.8,Y,Y,N,M
954,37,2138,4118995,367324,46.7,Y,Y,N,M
955,38,2138,4118962,367333,40.7,G,N,N,SNBA
956,39,2139,4118969,367345,40.4,GY,N,N,SNBA
957,40,2140,4118977,367344,43.2,GY,N,N,SNBA
958,41,2141,4118968,367360,34.4,G,N,N,SNBA
959,42,2141,4118968,367360,49.4,Y,Y,N,M
960,43,2143,4118991,367352,41.9,G,N,N,SNBA
961,44,2143,4118969,367339,43.4,G,N,N,SNBA
962,45,2145,4118985,367366,48.8,Y,Y,N,M
963,46,2145,4119046,367365,37,DY,N,N,SNBA
964,47,2145,4118981,367367,45.3,DY,N,Y,F
965,48,2145,4118981,367367,47,Y,Y,N,M
966,49,2147,4118983,367375,37.6,G,N,N,SNBA
967,50,2147,4118955,367354,49.6,Y,N,Y,F
968,51,2148,4118927,367370,47.6,Y,N,Y,F
969,52,2149,4118991,367373,47.2,DY,N,Y,F
970,53,2149,4118991,367373,39.3,G,N,N,SNBA
971,54,2150,4118981,367365,48.1,Y,Y,N,M
972,55,2150,4119052,367370,44.5,DY,Y,N,M
973,56,2151,4119005,367356,50.1,Y,Y,N,M
974,57,2151,4119004,367360,56.9,Y,N,Y,F
975,58,2152,4119048,367366,40.2,GY,N,Y,F
976,59,2153,4118986,367354,50.3,GY,N,Y,F
977,60,2153,4119016,367373,43.5,DY,N,N,SNBA
978,61,2154,4119041,367405,41.7,GY,N,N,SNBA
979,62,2154,4119013,367377,52,Y,Y,N,M
980,63,2155,4119037,367416,31.4,G,N,N,SNBA
981,64,2155,4119008,367385,40.8,G,N,N,SNBA
982,65,2155,4119032,367409,47.7,GY,N,Y,F
983,66,2156,4119016,367389,43,GY,N,N,SNBA
984,67,2157,4119034,367414,37.8,GY,N,N,SNBA
985,68,2157,4119014,367395,39.2,GY,N,N,SNBA
986,69,2158,4119036,367418,45.2,Y,Y,N,M
987,70,2158,4119020,367399,34.1,GY,N,N,SNBA
988,71,2159,4119035,367407,38.8,GY,N,N,SNBA
989,72,2159,4119021,367410,40.5,G,N,N,SNBA
990,73,2201,4119042,367409,42.5,G,N,N,SNBA
991,74,2202,4119053,367420,42.8,Y,Y,N,M
992,75,2203,4119074,367399,48.1,Y,N,Y,F
993,76,2203,4119067,367419,43.2,DY,N,N,SNBA
994,77,2204,4119060,367428,58.7,Y,Y,N,M
995,78,2204,4119091,367408,47.5,DY,N,Y,F
996,79,2205,4119062,367437,39.5,G,N,N,SNBA
997,80,2205,4119062,367437,34.4,G,N,N,SNBA
998,81,2205,4119083,367419,36.1,G,N,N,SNBA
999,82,2206,4119089,367426,50.6,Y,Y,N,M
1000,83,2206,4119054,367431,43.3,GY,N,N,SNBA
1001,84,2207,4119091,367420,34.8,GY,N,N,SNBA
1002,85,2207,4119086,367424,38.1,GY,N,N,SNBA
1003,86,2207,4119069,367442,35.8,G,N,N,SNBA
1004,88,2208,4119093,367427,35.8,GY,N,N,SNBA
1005,89,2209,4119087,367422,51.5,Y,Y,N,M
1006,90,2210,4119088,367427,37,GY,N,N,SNBA
1007,91,2210,4119090,367424,52.2,GY,N,Y,F
1008,92,2211,4119093,367421,43.2,DY,N,N,SNBA
1009,93,2212,4119106,367418,42.8,G,N,N,SNBA
1010,94,2213,4119078,367466,42.6,DY,N,N,SNBA
1011,95,2213,4119101,367430,39.4,GY,N,N,SNBA
1012,96,2213,4119101,367430,49.1,GY,N,Y,F
1013,97,2214,4119094,367459,44.3,GY,N,N,SNBA
1014,98,2214,4119115,367428,35.7,GY,N,N,SNBA
1015,99,2215,4119102,367438,35.4,G,N,N,SNBA
1016,100,2215,4119086,367473,48.9,DY,Y,N,M
1017,101,2216,4119108,367437,38.2,G,N,N,SNBA
1018,102,2217,4119108,367439,42.3,GY,N,N,SNBA
1019,103,2218,4119106,367477,39.5,G,N,N,SNBA
1020,104,2218,4119106,367477,49,Y,Y,N,M
1021,105,2218,4119100,367440,52.6,DY,N,Y,F
1022,106,2218,4119113,367438,39,GY,N,N,SNBA
1023,107,2221,4119116,367437,39.8,GY,N,N,SNBA
1024,108,2221,4119103,367480,38,G,N,N,SNBA
1025,109,2222,4119120,367437,36.6,GY,N,N,SNBA
1026,110,2222,4119103,367481,37.1,G,N,N,SNBA
1027,111,2223,4119120,367437,38.1,GY,N,N,SNBA
1028,112,2223,4119130,367485,43.2,G,N,N,SNBA
1029,113,2223,4119109,367478,42.3,G,N,N,SNBA
1030,114,2223,4119109,367478,43.6,GY,N,N,SNBA
1031,115,2224,4119123,367429,37.9,GY,N,N,SNBA
1032,116,2224,4119116,367446,47.5,Y,Y,N,M
1033,117,2226,4119120,367440,45.6,GY,N,N,SNBA
1034,118,2226,4119123,367463,42.5,DY,N,N,SNBA
1035,119,2226,4119123,367463,37.6,GY,N,N,SNBA
1036,120,2227,4119130,367463,42,G,N,N,SNBA
1037,121,2227,4119130,367445,43.4,G,N,N,SNBA
1038,122,2227,4119138,367445,37.1,GY,N,N,SNBA
1039,123,2228,4119120,367441,50.7,Y,Y,N,M
1040,124,2229,4119137,367454,33.9,G,N,N,SNBA
1041,125,2229,4119136,367456,36.6,G,N,N,SNBA
1042,126,2229,4119136,367437,40,G,N,N,SNBA
1043,127,2230,4119131,367451,50.6,Y,Y,N,M
1044,128,2232,4119129,367477,41.8,GY,N,N,SNBA
1045,129,2235,4119258,367490,52.9,Y,Y,N,M
1046,130,2235,4119163,367511,53.6,GY,N,Y,F
1047,131,2235,4119156,367508,40.5,GY,N,N,SNBA
1048,132,2236,4119183,367479,36.4,GY,N,N,SNBA
1049,133,2237,4119173,367503,48.2,DY,N,Y,F
1050,134,2237,4119164,367526,39.3,G,N,N,SNBA
1051,135,2238,4119174,367509,40.6,GY,N,N,SNBA
1052,136,2239,4119194,367511,36.3,GY,N,N,SNBA
1053,137,2240,4119199,367504,44.3,DY,N,N,SNBA
1054,138,2240,4119195,367532,39.2,G,N,N,SNBA
1055,139,2240,4119195,367532,38.9,GY,N,N,SNBA
1056,140,2241,4119184,367516,36.2,GY,N,N,SNBA
1057,141,2242,4119183,367520,39.9,GY,N,N,SNBA
1058,142,2242,4119196,367523,43.3,Y,Y,N,M
1059,143,2243,4119195,367525,35.8,GY,N,N,SNBA
1060,144,2244,4119198,367517,50.7,Y,Y,N,M
1061,145,2245,4119197,367551,41.1,GY,N,N,SNBA
1062,146,2246,4119229,367557,46.1,DY,Y,N,M
1063,147,2246,4119220,367566,43.7,GY,N,N,SNBA
1064,148,2247,4119242,367553,48.1,GY,N,N,SNBA
1065,149,2247,4119215,367570,36.2,GY,N,N,SNBA
1066,150,2249,4119248,367564,43.8,DY,N,N,SNBA
1067,151,2249,4119232,367567,46.6,DY,Y,N,M
1068,152,2250,4119261,367554,42.7,GY,N,N,SNBA
1069,153,2250,4119234,367575,37.7,GY,N,N,SNBA
1070,154,2252,4119237,367572,54.4,DY,Y,N,M
1071,155,2253,4119261,367568,39.1,GY,N,N,SNBA
1072,156,2253,4119265,367550,39.1,GY,N,N,SNBA
1073,157,2254,4119293,367549,40.2,GY,N,N,SNBA
1074,158,2255,4119259,367596,42.8,GY,N,N,SNBA
1075,159,2257,4119308,367573,33.8,GY,N,N,SNBA
1076,160,2258,4119307,367571,46.3,GY,N,N,SNBA
1077,161,2258,4119301,367631,49.7,DY,N,Y,F
1078,162,2259,4119310,367581,38.8,GY,N,N,SNBA
1079,163,2301,4119338,367601,43,GY,N,Y,F
1080,164,2302,4119309,367626,49.8,GY,N,N,SNBA
1081,165,2302,4119316,367630,44.2,GY,N,N,SNBA
1082,166,2302,4119334,367607,52.3,Y,Y,N,M
1083,167,2303,4119334,367621,39.3,GY,N,N,SNBA
1084,168,2303,4119334,367648,42,GY,N,N,SNBA
1085,170,2304,4119350,367620,44.2,Y,N,N,SNBA
1086,171,2305,4119338,367624,48.6,GY,N,N,SNBA
1087,172,2305,4119346,367647,38,G,N,N,SNBA
1088,173,2305,4119346,367647,36.9,G,N,N,SNBA
1089,174,2307,4119373,367605,35.5,GY,N,N,SNBA
1090,175,2307,4119361,367642,35.6,G,N,N,SNBA
1091,176,2308,4119346,367631,41.7,GY,N,N,SNBA
1092,177,2308,4119376,367597,36.8,GY,N,N,SNBA
1093,178,2309,4119367,367638,43.2,GY,N,N,SNBA
1094,179,2309,4119375,367607,35,GY,N,N,SNBA
1095,180,2310,4119375,367598,35.5,GY,N,N,SNBA
1096,181,2312,4119380,367606,40.7,G,N,N,SNBA
1097,182,2313,4119391,367641,52.9,Y,Y,N,M
1098,183,2314,4119401,367611,48.1,GY,N,N,SNBA
1099,184,2315,4119401,367616,48.5,GY,N,N,SNBA
1100,185,2316,4119413,367612,46.2,GY,N,N,SNBA
1101,186,2318,4119448,367565,38.7,G,N,N,SNBA
1102,187,2318,4119432,367665,40.2,G,N,N,SNBA
1103,188,2319,4119457,367631,52,DY,N,Y,F
1104,189,2320,4119446,367650,40.8,G,N,N,SNBA
1105,190,2321,4119453,367627,43.9,GY,N,Y,F
1106,191,2322,4119460,367630,43,GY,N,N,SNBA
1107,192,2323,4119471,367653,39.3,G,N,N,SNBA
1108,193,2324,4119501,367633,56.4,DY,N,Y,F
1109,194,2325,4119500,367625,51.6,Y,Y,N,M
1110,195,2326,4119512,367665,47.7,DY,Y,N,M
1111,196,2327,4119523,367675,40.4,G,N,N,SNBA
1112,197,2327,4119523,367675,42.1,G,N,N,SNBA
1113,198,2329,4119545,367675,43,GY,N,N,SNBA
1114,199,2330,4119558,367643,51,DY,N,Y,F
1115,200,2330,4119550,367673,47.2,DY,N,N,SNBA
1116,201,2331,4119572,367633,51.5,Y,Y,N,M
1117,202,2331,4119563,367662,52.7,DY,N,Y,F
1118,203,2332,4119571,367645,48.8,Y,N,Y,F
1119,204,2333,4119577,367639,54,Y,N,Y,F
1120,205,2333,4119585,367652,39.4,DY,N,N,SNBA
1121,206,2335,4119592,367648,39.6,G,N,N,SNBA
1122,207,2335,4119580,367628,41.5,DY,N,N,SNBA
1123,208,2335,4119602,367658,38.4,G,N,N,SNBA
1124,209,2336,4119600,367664,39.1,DY,N,N,SNBA
1125,210,2336,4119592,367620,45.6,GY,N,N,SNBA
1126,211,2336,4119614,367614,37.1,GY,N,N,SNBA
1127,212,2338,4119605,367643,35.6,G,N,N,SNBA
1128,213,2339,4119587,367616,40.5,DY,N,N,SNBA
1129,214,2339,4119621,367640,41.3,GY,N,N,SNBA
1130,215,2339,4119621,367640,37.8,GY,N,N,SNBA
1131,216,2341,4119604,367617,44.9,Y,Y,N,M
1132,217,2341,4119600,367629,48.1,DY,N,N,SNBA
1133,218,2341,4119628,367628,38.5,GY,N,N,SNBA
1134,219,2342,4119648,367639,46.8,DY,N,N,SNBA
1135,220,2342,4119609,367613,50.9,Y,Y,N,M
1136,221,2345,4119648,367631,47.6,DY,Y,N,M
1137,222,2346,4119650,367631,46.4,DY,Y,N,M
1138,223,2346,4119631,367611,48,Y,N,N,SNBA
1139,224,2348,4119664,367326,41.7,G,N,N,SNBA
1140,225,2348,4119640,367600,38.6,GY,N,N,SNBA
1141,226,2349,4119638,367598,49.7,Y,Y,N,M
1142,227,2349,4119683,367624,36.9,GY,N,N,SNBA
1143,228,2349,4119649,367594,50.9,GY,N,Y,F
1144,229,2351,4119665,367625,47.8,DY,N,Y,F
1145,230,2351,4119658,367606,51,DY,N,Y,F
1146,231,2352,4119662,367603,41.1,GY,N,N,SNBA
1147,232,2353,4119659,367599,45,DY,N,N,SNBA
1148,233,2353,4119655,367591,49.1,Y,Y,N,M
1149,234,2354,4119679,367621,50,DY,N,N,SNBA
1150,235,2355,4119699,367629,51.6,GY,N,Y,F
1151,236,2355,4119689,367594,40.8,GY,N,N,SNBA
1152,237,2356,4119708,367613,43.3,GY,N,N,SNBA
1153,238,2356,4119688,367576,42,GY,N,Y,F
1154,239,2356,4119707,367621,40.1,G,N,N,SNBA
1155,240,2358,4119705,367588,49.2,GY,N,N,SNBA
1156,241,2358,4119724,367617,41.3,G,N,N,SNBA
1157,242,2358,4119724,367617,44.1,G,N,N,SNBA
1158,243,2359,4119714,367585,41.3,GY,N,N,SNBA
1159,244,1,4119727,367617,48.2,GY,N,N,SNBA
1160,245,3,4119736,367618,37.8,G,N,N,SNBA
1161,246,3,4119750,367596,39.4,DY,N,N,SNBA
1162,247,3,4119740,367587,50.3,GY,N,Y,F
1163,248,3,4119743,367618,37.8,DY,N,N,SNBA
1164,249,4,4119746,367591,35.4,GY,N,N,SNBA
1165,250,4,4119755,367612,48.9,DY,Y,N,M
1166,251,4,4119755,367612,44.3,Y,N,N,SNBA
1167,252,4,4119757,367615,43.1,DY,N,N,SNBA
1168,253,4,4119747,367579,41.1,GY,N,N,SNBA
1169,254,6,4119747,367608,56.2,GY,N,Y,F
1170,255,6,4119763,367572,50.8,DY,N,Y,F
1171,256,7,4119778,367613,37.2,G,N,N,SNBA
1172,257,7,4119778,367613,39.7,G,N,N,SNBA
1173,258,7,4119778,367583,41.5,GY,N,N,SNBA
1174,259,7,4119778,367583,53.6,DY,N,Y,F
1175,260,8,4119765,367589,43.9,GY,N,N,SNBA
1176,261,9,4119786,367617,41.9,G,N,N,SNBA
1177,262,9,4119766,367574,42.8,GY,N,N,SNBA
1178,263,11,4119816,367577,49.9,Y,Y,N,M
1179,264,11,4119795,367575,48.3,GY,N,Y,F
1180,265,11,4119819,367590,45.7,GY,N,N,SNBA
1181,266,12,4119815,367600,40.8,G,N,N,SNBA
1182,267,12,4119797,367572,48.4,GY,N,Y,F
1183,268,12,4119799,367548,36.2,GY,N,N,SNBA
1184,269,12,4119818,367584,53.1,G,N,N,SNBA
1185,270,14,4119807,367573,40,GY,N,N,SNBA
1186,271,15,4119815,367576,35.1,GY,N,N,SNBA
1187,272,15,4119817,367573,43.4,G,N,N,SNBA
1189,273,51,4120541,363825,52.2,Y,Y,N,M
1190,274,52,4120556,363803,50.8,Y,Y,N,M
1191,275,53,4120584,363793,51.6,GY,N,N,SNBA
1192,276,53,4120578,363786,46.8,Y,Y,N,M
1193,277,54,4120593,363790,52.6,Y,Y,N,M
1194,278,55,4120586,363763,53.4,Y,Y,N,M
1195,279,55,4120586,363763,49.3,DY,N,Y,F
1196,280,56,4120615,363778,51.1,Y,Y,N,M
1197,281,56,4120595,363756,48.9,Y,Y,N,M
1198,282,57,4120608,363749,52.3,DY,N,Y,F
1199,283,58,4120624,363762,52.4,Y,Y,N,M
1200,284,58,4120629,363765,36.9,G,N,N,SNBA
1201,285,59,4120638,363739,54.4,Y,Y,N,M
1202,286,59,4120644,363738,41.7,GY,N,Y,F
1203,287,101,4120640,363743,43.7,GY,N,N,SNBA
1204,288,102,4120647,363738,54.1,Y,Y,N,M
1205,290,103,4120676,363738,58.3,Y,Y,N,M
1206,291,106,4120811,363729,54,GY,N,N,SNBA
1207,292,106,4120805,363731,50.8,Y,Y,N,M
1208,293,106,4120803,363727,54,Y,Y,N,M
1209,294,108,4120816,363719,43.4,GY,N,Y,F
1210,295,109,4120860,363747,54.2,Y,Y,N,M
1211,296,110,4120836,363735,45.9,GY,N,Y,F
1212,297,113,4120928,363700,54.3,Y,Y,N,M
1213,298,114,4120949,363681,49.2,GY,N,Y,F